dispensary_slug,sku,product_uuid,name,brand,category,variant,price_cents,thc_percent,cbd_percent,classification,in_stock,product_url,scraped_at
brooklyn-organic-buds,CA-GMB-SL-250702,1108,Brick - Live-Resin Gummies - Strawberry Lemonade - 100mg - 10pk,Cannabals,edible,100mg,2500,,,,TRUE,,2026-04-19T15:36:02.162853+00:00
brooklyn-organic-buds,CA-CH-WTC-250728,1113,Cones - Infused White Chocolate Cones - 100mg - 10ct,Cannabals,edible,100mg,3000,,,,TRUE,,2026-04-19T15:36:02.162853+00:00
brooklyn-organic-buds,B2025092800000001,1159,Calm & Joint Care | CBD Dog Treats for Mobility and Anxiety,Happy Hounds,other,,0,,,,TRUE,,2026-04-19T15:36:02.162853+00:00
brooklyn-organic-buds,B2025092800000002,1160,CALM | CBD Soft-Chews for Dog Anxiety,Happy Hounds,other,,0,,,,TRUE,,2026-04-19T15:36:02.162853+00:00
brooklyn-organic-buds,KR-PR-STGxSD-250818,1179,Kings Road - Sour Tangie x Sour Diesel - Infused Pre-Roll Pack - .5g - 14pk,Kings Road,preroll,7g,8500,,,,TRUE,,2026-04-19T15:36:02.162853+00:00
brooklyn-organic-buds,E5D2749,1220,PAX Era Go Vaporizer Pen Battery,Pax,merch,,0,,,,TRUE,,2026-04-19T15:36:02.162853+00:00
brooklyn-organic-buds,PAC-LR-0525-PRM-0.5g,1222,Permanent Marker - Live Rosin w Diamonds - PAX Cart - .5g,Pax,cart,0.5g,5000,,,,TRUE,,2026-04-19T15:36:02.162853+00:00
brooklyn-organic-buds,P-FDWF282025-1180A,1239,White Hot Guava - Premium Flower - 28g,Find.,flower,28g,18600,,,,TRUE,,2026-04-19T15:36:02.162853+00:00
brooklyn-organic-buds,UXT-IPR-0825-GOL-1.2G,1243,Goliath - Infused Single Pre-Roll - 1.2g,urbanXtracts,preroll,1.2g,1600,,,,TRUE,,2026-04-19T15:36:02.162853+00:00
brooklyn-organic-buds,P3D2881,1256,PAX Plus - Dry Herb Vaporizer,Pax,merch,,0,,,,TRUE,,2026-04-19T15:36:02.162853+00:00
brooklyn-organic-buds,P2D2884,1257,PAX Mini - Dry Herb Vaporizer,Pax,merch,,0,,,,TRUE,,2026-04-19T15:36:02.162853+00:00
brooklyn-organic-buds,B2025102400000002,1259,Tune - Lemon Ginger - NON-Infused CBD Beverage - 12oz - 10mg CBD,Tune,edible,,500,,,,TRUE,,2026-04-19T15:36:02.162853+00:00
brooklyn-organic-buds,NYPT250820d9bst,1260,ProTab - Boost - Extra Strength Tablet - 10ct - 100mg,Level,edible,100mg,3200,,,,TRUE,,2026-04-19T15:36:02.162853+00:00
brooklyn-organic-buds,NYPT250820d9bst,1261,ProTab - Lights Out - Sleep Tablet - 10ct - 100mg,Level,edible,100mg,3200,,,,TRUE,,2026-04-19T15:36:02.162853+00:00
brooklyn-organic-buds,NYPT250721LO,1262,ProTab - Recover - Relief Tablet - 10ct - 100mg,Level,edible,100mg,3200,,,,TRUE,,2026-04-19T15:36:02.162853+00:00
brooklyn-organic-buds,S219GH3A,1263,Sub Zero - Premium Flower - 3.5g,Rolling Green,flower,3.5g,5300,,,,TRUE,,2026-04-19T15:36:02.162853+00:00
brooklyn-organic-buds,WF00481,1271,Candy Jack -  Infused Single Pre-Roll - 1g,Florist Farms,preroll,1g,1600,,,,TRUE,,2026-04-19T15:36:02.162853+00:00
brooklyn-organic-buds,P-GRIF352025-942A,1282,Nuclear Muffins - Premium Flower (Diamond Infused) - 3.5g,Grassroots,flower,7g,6000,,,,TRUE,,2026-04-19T15:36:02.162853+00:00
brooklyn-organic-buds,P-FDWF352025-1324A,1283,Some Pulp - Premium Flower -3.5g,Find.,flower,3.5g,3500,,,,TRUE,,2026-04-19T15:36:02.162853+00:00
brooklyn-organic-buds,B2025111200000006,1308,BOB 10,,merch,,0,,,,TRUE,,2026-04-19T15:36:02.162853+00:00
brooklyn-organic-buds,P-ANBLD12025-1300A,1329,Anthem - Bold - Acapulco Gold - Glass Tip Infused - 1g,Anthem,preroll,1g,2000,,,,TRUE,,2026-04-19T15:36:02.162853+00:00
brooklyn-organic-buds,P-ANBLD120525-1540A,1331,Anthem - Bold - Blue Dream - Glass Tip Infused - 1g,Anthem,preroll,1g,2000,,,,TRUE,,2026-04-19T15:36:02.162853+00:00
brooklyn-organic-buds,P-ANBLD12025-1538A,1332,Anthem - Bold - King Louis - Glass Tip Infused - 1g,Anthem,preroll,1g,2000,,,,TRUE,,2026-04-19T15:36:02.162853+00:00
brooklyn-organic-buds,CA-GMB-BR-251028,1339,Brick - Live-Resin Gummies - Blue Raspberry - 100mg - 10pk,Cannabals,edible,100mg,2500,,,,TRUE,,2026-04-19T15:36:02.162853+00:00
brooklyn-organic-buds,CA-CH-CCC-251030,1342,Cones - Infused Cookies & Cream Cones - 100mg - 10ct,Cannabals,edible,10g,3000,,,,TRUE,,2026-04-19T15:36:02.162853+00:00
brooklyn-organic-buds,CA-GM-DL-250625,1343,Brick - Live-Resin Gummies - Dragonfruit Lemonade - 100mg - 10pk,Cannabals,edible,10g,2500,,,,TRUE,,2026-04-19T15:36:02.162853+00:00
brooklyn-organic-buds,CA-GM-PP-251027,1344,Brick - Live-Resin Gummies - Pineapple Passionfruit - 100mg - 10pk,Cannabals,edible,10g,2500,,,,TRUE,,2026-04-19T15:36:02.162853+00:00
brooklyn-organic-buds,CA-CH-SBC251028,1346,Cones - Infused Strawberry Chocolate Cones - 100mg - 10ct,Cannabals,edible,10g,3000,,,,TRUE,,2026-04-19T15:36:02.162853+00:00
brooklyn-organic-buds,EUV-TD1G-092325,1353,Eureka - Triple Diesel - Reload - 1g,Eureka,cart,1g,5000,,,,TRUE,,2026-04-19T15:36:02.162853+00:00
brooklyn-organic-buds,EUV-PB1G-092325,1354,Eureka - Platinum Bubba - Reload - 1g,Eureka,cart,1g,5000,,,,TRUE,,2026-04-19T15:36:02.162853+00:00
brooklyn-organic-buds,B1-DD35RR101,1355,dada Exotics - Rolex Runtz - Premium Flower - 3.5g,dada Exotics,flower,3.5g,6000,,,,TRUE,,2026-04-19T15:36:02.162853+00:00
brooklyn-organic-buds,B1-DD35BC1028,1356,dada Exotics - Birthday Cake - Premium Flower - 3.5g,dada Exotics,flower,3.5g,6000,,,,TRUE,,2026-04-19T15:36:02.162853+00:00
brooklyn-organic-buds,NPRS912,1375,Starburst - Noizey - Single Pre-Roll -  1g,Noizey,preroll,1g,1600,,,,TRUE,,2026-04-19T15:36:02.162853+00:00
brooklyn-organic-buds,NF4LZ912,1376,Liberty Zkittles - Noizey - Premium Flower -  4g,Noizey,flower,4g,6500,,,,TRUE,,2026-04-19T15:36:02.162853+00:00
brooklyn-organic-buds,NF4DG912,1377,Dumbo Gumbo - Noizey - Premium Flower -  4g,Noizey,flower,4g,6500,,,,TRUE,,2026-04-19T15:36:02.162853+00:00
brooklyn-organic-buds,NF4CR912,1378,C.R.E.A.M - Noizey - Premium Flower -  4g,Noizey,flower,4g,6500,,,,TRUE,,2026-04-19T15:36:02.162853+00:00
brooklyn-organic-buds,CN00133,1381,Blotter - Lemon Cherry Gelato- Live Resin Sugar - 1g,Blotter,concentrate,1g,4500,,,,TRUE,,2026-04-19T15:36:02.162853+00:00
brooklyn-organic-buds,CN00132,1382,Blotter - Peanut Butter Bomb - Live Resin Sugar - 1g,Blotter,concentrate,1g,4500,,,,TRUE,,2026-04-19T15:36:02.162853+00:00
brooklyn-organic-buds,P-GRWF352025-1158A,1395,Grassroots - Atomic Breath - Premium Flower - 3.5g,Grassroots,flower,3.5g,4000,,,,TRUE,,2026-04-19T15:36:02.162853+00:00
brooklyn-organic-buds,1A4120300000D52000005385,1421,Honey Banana - Live Resin - 510 Cart - .5g,MFNY,cart,0.5g,4500,,,,TRUE,,2026-04-19T15:36:02.162853+00:00
brooklyn-organic-buds,1A4120300000D52000005384,1423,Oishii - Live Resin - 510 Cart - .5g,MFNY,cart,0.54g,4500,,,,TRUE,,2026-04-19T15:36:02.162853+00:00
brooklyn-organic-buds,1A4120300000D52000005379,1424,Strawberry Mango x Honey Banana - Live Rosin Gummies - 100mg - 10 pk,MFNY,edible,100mg,3000,,,,TRUE,,2026-04-19T15:36:02.162853+00:00
brooklyn-organic-buds,1A4120300000D52000005380,1425,Sour Peach x Rainbow Beltz 2.0 - Live Rosin Gummies - 100mg - 10 pk,MFNY,edible,100mg,3000,,,,TRUE,,2026-04-19T15:36:02.162853+00:00
brooklyn-organic-buds,1A4120300000D52000005381,1426,Grape x Grape Guava - Live Resin Gummies - 100mg - 10 pk,MFNY,edible,100mg,2500,,,,TRUE,,2026-04-19T15:36:02.162853+00:00
brooklyn-organic-buds,1A4120300000D52000005382,1427,Pina Colada x Strawpaya - Live Resin Gummies - 100mg - 10 pk,MFNY,edible,10g,2500,,,,TRUE,,2026-04-19T15:36:02.162853+00:00
brooklyn-organic-buds,B2026011300000001,1431,BOB 5,,merch,,0,,,,TRUE,,2026-04-19T15:36:02.162853+00:00
brooklyn-organic-buds,1A412030000038D000002734,1432,Pina Colada - Premium Flower - 3.5g,Rolling Green,flower,3.5g,5300,,,,TRUE,,2026-04-19T15:36:02.162853+00:00
brooklyn-organic-buds,1A412030000038D000002735,1433,Cap Junky - Premium Flower - 3.5g,Rolling Green,flower,3.5g,5300,,,,TRUE,,2026-04-19T15:36:02.162853+00:00
brooklyn-organic-buds,1A412030000038D000002736,1434,Pina Colada - Premium Flower - 3.5g,Rolling Green,flower,3.5g,5300,,,,TRUE,,2026-04-19T15:36:02.162853+00:00
brooklyn-organic-buds,1A412030000038D000002737,1435,Cap Junky - Premium Flower - 3.5g,Rolling Green,flower,3.5g,5300,,,,TRUE,,2026-04-19T15:36:02.162853+00:00
brooklyn-organic-buds,1A4120300000C1E000006520,1447,GMO Punch - Premium Flower - 4g,Bouket,flower,4g,5200,,,,TRUE,,2026-04-19T15:36:02.162853+00:00
brooklyn-organic-buds,1A4120300000C1E000006521,1448,GMO Punch - Premium Flower - 4g,Bouket,flower,4g,5200,,,,TRUE,,2026-04-19T15:36:02.162853+00:00
brooklyn-organic-buds,1A4120300000C1E000006523,1450,Bouket - Honeymoon Diesel - Premium Flower - 4g,Bouket,flower,4g,5200,,,,TRUE,,2026-04-19T15:36:02.162853+00:00
brooklyn-organic-buds,1A4120300000C1E000006524,1451,Bouket - Blue Nerdz - Premium Flower - 4g,Bouket,flower,4g,5200,,,,TRUE,,2026-04-19T15:36:02.162853+00:00
brooklyn-organic-buds,1A4120300000C1E000006526,1453,Bouket - Blue Nerdz - Premium Flower - 4g,Bouket,flower,4g,5200,,,,TRUE,,2026-04-19T15:36:02.162853+00:00
brooklyn-organic-buds,1A4120300000C1E000006527,1454,Kings & Queens - Znackz - Premium Flower - 3.5g,Kings & Queens,flower,3.5g,3200,,,,TRUE,,2026-04-19T15:36:02.162853+00:00
brooklyn-organic-buds,1A4120300000C1E000006528,1455,Kings & Queens - Znackz - Premium Flower - 3.5g,Kings & Queens,flower,3.5g,3200,,,,TRUE,,2026-04-19T15:36:02.162853+00:00
brooklyn-organic-buds,1A4120300000C1E000006529,1456,Kings & Queens - Large Bud - 3.5g - Indoor Grape Mochi,Kings & Queens,flower,3.5g,3200,,,,TRUE,,2026-04-19T15:36:02.162853+00:00
brooklyn-organic-buds,1A4120300000C1E000006530,1457,Kings & Queens - Large Bud - 3.5g - Indoor Grape Mochi,Kings & Queens,flower,3.5g,3200,,,,TRUE,,2026-04-19T15:36:02.162853+00:00
brooklyn-organic-buds,1A4120300000C1E000006532,1459,Kings & Queens - McRuntz - Premium Flower - 3.5g,Kings & Queens,flower,3.5g,3200,,,,TRUE,,2026-04-19T15:36:02.162853+00:00
brooklyn-organic-buds,1A4120300000C1E000006534,1461,Hellcat #15 - Kings & Queens - Premium Flower - 3.5g,Kings & Queens,flower,3.5g,3200,,,,TRUE,,2026-04-19T15:36:02.162853+00:00
brooklyn-organic-buds,1A4120300000C1E000006535,1462,Bouket - Sherbert Marker - Single Pre-roll - 1g,Bouket,preroll,1g,1400,,,,TRUE,,2026-04-19T15:36:02.162853+00:00
brooklyn-organic-buds,1A4120300000C1E000006536,1463,Bouket - Sherbert Marker - Single Pre-roll - 1g,Bouket,preroll,1g,1400,,,,TRUE,,2026-04-19T15:36:02.162853+00:00
brooklyn-organic-buds,1A4120300000C1E000006537,1464,Tropicana Cookies - Premium Flower - 3.5g,1937,flower,3.5g,3200,,,,TRUE,,2026-04-19T15:36:02.162853+00:00
brooklyn-organic-buds,1A4120300000C1E000006538,1465,Tropicana Cookies - Premium Flower - 3.5g,1937,flower,3.5g,3200,,,,TRUE,,2026-04-19T15:36:02.162853+00:00
brooklyn-organic-buds,1A4120300000C1E000006793,1466,Bouket - Ethanol #33 - Single Pre-roll - 1g,Bouket,preroll,1g,1400,,,,TRUE,,2026-04-19T15:36:02.162853+00:00
brooklyn-organic-buds,1A4120300000C1E000006794,1467,Bouket - Ethanol #33 - Single Pre-roll - 1g,Bouket,preroll,1g,1400,,,,TRUE,,2026-04-19T15:36:02.162853+00:00
brooklyn-organic-buds,1A4120300000C1E000006540,1469,Operator Front Toward Enemy - Pre-roll Pack - 2.5g - 5ct,Operator,preroll,2.5g,3500,,,,TRUE,,2026-04-19T15:36:02.162853+00:00
brooklyn-organic-buds,1A4120300000C1E000006541,1470,Operator - Sativa - Single Pre-roll - 1g,Operator,preroll,1g,1200,,,,TRUE,,2026-04-19T15:36:02.162853+00:00
brooklyn-organic-buds,1A4120300000C1E000006542,1471,Operator - Sativa - Single Pre-roll - 1g,Operator,preroll,1g,1200,,,,TRUE,,2026-04-19T15:36:02.162853+00:00
brooklyn-organic-buds,1A4120300000C1E000006550,1473,Bouket - Honeymoon Diesel - Premium Flower - 7g,Bouket,flower,7g,6000,,,,TRUE,,2026-04-19T15:36:02.162853+00:00
brooklyn-organic-buds,1A4120300001DCF000000583,1474,Eureka - Mango Haze (Sativa) - All-in-one Disposable/Reusable - 1g,Eureka,cart,1g,6000,,,,TRUE,,2026-04-19T15:36:02.162853+00:00
brooklyn-organic-buds,1A412030000019E000021734,1490,Green Crack - Live Resin Infused Pre-Roll Pack - 5pk - 2.5g,Florist Farms,preroll,2.5g,4000,,,,TRUE,,2026-04-19T15:36:02.162853+00:00
brooklyn-organic-buds,1A412030000019E000021739,1495,La Bomba - Single Pre-Roll - 1g,Florist Farms,preroll,1g,1200,,,,TRUE,,2026-04-19T15:36:02.162853+00:00
brooklyn-organic-buds,1A4120300000C1E000006543,1501,Edie Parker Good Night - Distillate Vape - 0.5g - Disposable Lavender Vanilla,Edie Parker,cart,0.5g,4000,,,,TRUE,,2026-04-19T15:36:02.162853+00:00
brooklyn-organic-buds,1A4120300000C1E000006544,1502,Edie Parker Good Night - Distillate Vape - 0.5g - Disposable Lavender Vanilla,Edie Parker,cart,0.5g,4000,,,,TRUE,,2026-04-19T15:36:02.162853+00:00
brooklyn-organic-buds,1A4120300000C1E000006545,1503,Edie Parker Good Morning - Distillate Vape - 0.5g - Disposable Maui Mango,Edie Parker,cart,0.5g,4000,,,,TRUE,,2026-04-19T15:36:02.162853+00:00
brooklyn-organic-buds,1A4120300000C1E000006546,1504,Edie Parker Good Morning - Distillate Vape - 0.5g - Disposable Maui Mango,Edie Parker,cart,0.5g,4000,,,,TRUE,,2026-04-19T15:36:02.162853+00:00
brooklyn-organic-buds,1A4120300000C1E000006548,1506,Edie Parker Happiest Hour Hybrid- Pre-roll - 1g - 2ct Sugar Breath,Edie Parker,preroll,1g,1400,,,,TRUE,,2026-04-19T15:36:02.162853+00:00
brooklyn-organic-buds,1A4120300000C1E000006552,1508,Bouket - Small Bud - 7g - Indoor Blue Nerdz,Bouket,flower,7g,6500,,,,TRUE,,2026-04-19T15:36:02.162853+00:00
brooklyn-organic-buds,1A4120300000C1E000006796,1510,Edie Parker Good Afternoon - Distillate Vape - 0.5g - Disposable Lemon Watermelon,Edie Parker,cart,0.5g,4000,,,,TRUE,,2026-04-19T15:36:02.162853+00:00
brooklyn-organic-buds,1A41203000004EB000001162,1514,Herb - Sour Diesel - Single Pre-Roll - 1g,Herb,preroll,1g,1000,,,,TRUE,,2026-04-19T15:36:02.162853+00:00
brooklyn-organic-buds,1A41203000004EB000001163,1515,Preferred Gardens - Durban Poison - Premium Flower - 3.5g,Preferred Gardens,flower,3.5g,5000,,,,TRUE,,2026-04-19T15:36:02.162853+00:00
brooklyn-organic-buds,1A41203000004EB000001164,1516,Preferred Gardens - Pearlz #6 - Premium Flower - 3.5g,Preferred Gardens,flower,3.5g,5000,,,,TRUE,,2026-04-19T15:36:02.162853+00:00
brooklyn-organic-buds,1A41203000004EB000001165,1517,Herb - Lemon OG - Single Pre-Roll - 1g,Herb,preroll,1g,1000,,,,TRUE,,2026-04-19T15:36:02.162853+00:00
brooklyn-organic-buds,1A41203000004EB000001166,1518,SmartBud - Gelato #33 - Premium Flower - 3.5g,SmartBud,flower,3.5g,3500,,,,TRUE,,2026-04-19T15:36:02.162853+00:00
brooklyn-organic-buds,1A41203000004EB000001168,1519,Runtz - Obama Runtz -  Pre-Roll Pack - 5pk - 3.75g,Runtz,preroll,3.75g,4400,,,,TRUE,,2026-04-19T15:36:02.162853+00:00
brooklyn-organic-buds,1A41203000004EB000001169,1520,Runtz - Trump Runtz -  Pre-Roll Pack - 5pk - 3.75g,Runtz,preroll,3.75g,4400,,,,TRUE,,2026-04-19T15:36:02.162853+00:00
brooklyn-organic-buds,1A4120300000216000008153,1521,Anthem - Pre-Roll Pack - Hybrid Blend - 10pk - 3.5g,Anthem,preroll,3.5g,4000,,,,TRUE,,2026-04-19T15:36:02.162853+00:00
brooklyn-organic-buds,1A4120300000216000008154,1522,Anthem - Pre-Roll Pack - Indica Blend - 10pk - 3.5g,Anthem,preroll,3.5g,4000,,,,TRUE,,2026-04-19T15:36:02.162853+00:00
brooklyn-organic-buds,1A4120300000216000008156,1523,Anthem - Pre-Roll Pack - Sativa Blend - 10pk - 3.5g,Anthem,preroll,3.5g,4000,,,,TRUE,,2026-04-19T15:36:02.162853+00:00
brooklyn-organic-buds,1A4120300000216000008161,1524,Peanut Butter Muffin - Premium Flower - 3.5g,Find.,flower,3.5g,3500,,,,TRUE,,2026-04-19T15:36:02.162853+00:00
brooklyn-organic-buds,1A4120300000216000008163,1525,Select-Essentials - Hot Cakes - 1g,Select,cart,1g,5000,,,,TRUE,,2026-04-19T15:36:02.162853+00:00
brooklyn-organic-buds,1A4120300000216000008216,1533,Foreign Kush Mints - Dark Heart Collection - Premium Flower -  3.5g,Grassroots,flower,3.5g,4500,,,,TRUE,,2026-04-19T15:36:02.162853+00:00
brooklyn-organic-buds,1A4120300000216000008155,1534,Find. - Cherry Patties - Single Pre-Roll - 1g,Find.,preroll,1g,1100,,,,TRUE,,2026-04-19T15:36:02.162853+00:00
brooklyn-organic-buds,1A4120300000216000008157,1535,Find. - Chemgurl - Premium Flower - 3.5g,Find.,flower,3.5g,3500,,,,TRUE,,2026-04-19T15:36:02.162853+00:00
brooklyn-organic-buds,1A4120300000216000008158,1536,Find. - Shock Mints - Premium Flower - 3.5g,Find.,flower,3.5g,3500,,,,TRUE,,2026-04-19T15:36:02.162853+00:00
brooklyn-organic-buds,1A4120300000216000008159,1537,Find. - Peanut Butter Muffin - Single Pre-Roll - 1g,Find.,preroll,1g,1100,,,,TRUE,,2026-04-19T15:36:02.162853+00:00
brooklyn-organic-buds,1A4120300000216000008160,1538,Find. - Banana Papaya - Premium Flower - 3.5g,Find.,flower,3.5g,3500,,,,TRUE,,2026-04-19T15:36:02.162853+00:00
brooklyn-organic-buds,1A4120300000216000008162,1539,Select-Essentials - Durban Poison - Cartridge - 1g,Select,cart,1g,4500,,,,TRUE,,2026-04-19T15:36:02.162853+00:00
brooklyn-organic-buds,1A4120300000216000008164,1540,Select-Essentials - Strawberry Shortcake - Cartridge - 1g,Select,cart,1g,4500,,,,TRUE,,2026-04-19T15:36:02.162853+00:00
brooklyn-organic-buds,1A4120300000216000008165,1541,Select-Essentials - Strawberry Shortcake - Cartridge - 1g,Select,cart,1g,4500,,,,TRUE,,2026-04-19T15:36:02.162853+00:00
brooklyn-organic-buds,1A4120300000216000008199,1542,Find. - Banana Papaya - Premium Flower - 3.5g,Find.,flower,3.5g,3500,,,,TRUE,,2026-04-19T15:36:02.162853+00:00
brooklyn-organic-buds,1A4120300000216000008200,1543,Find. - Chemgurl - Premium Flower - 3.5g,Find.,flower,3.5g,3500,,,,TRUE,,2026-04-19T15:36:02.162853+00:00
brooklyn-organic-buds,1A4120300000216000008201,1544,Find. - GS Mints - Premium Flower - 70g,Find.,flower,70g,37000,,,,TRUE,,2026-04-19T15:36:02.162853+00:00
brooklyn-organic-buds,1A4120300000216000008210,1551,Find. - Shock Mints - Premium Flower - 28g,Find.,flower,28g,18600,,,,TRUE,,2026-04-19T15:36:02.162853+00:00
brooklyn-organic-buds,1A4120300000641000062258,1555,PAX - Live-Rosin Gummies - Tangerine - 100mg - 10pk,Pax,edible,100mg,2800,,,,TRUE,,2026-04-19T15:36:02.162853+00:00
brooklyn-organic-buds,1A4120300000641000062259,1556,PAX - Live-Rosin Gummies - Juicy Mango - 100mg - 10pk,Pax,edible,100mg,2800,,,,TRUE,,2026-04-19T15:36:02.162853+00:00
brooklyn-organic-buds,1A4120300000641000062260,1557,PAX - Live-Rosin Gummies - Raspberry Lime - 100mg - 10pk,Pax,edible,100mg,2800,,,,TRUE,,2026-04-19T15:36:02.162853+00:00
brooklyn-organic-buds,1A4120300000641000062268,1561,Purple Afghani - Live Rosin - All-In-One Vape PAX Pen - 1g,Pax,cart,1g,9000,,,,TRUE,,2026-04-19T15:36:02.162853+00:00
brooklyn-organic-buds,1A4120300000641000062273,1565,Pineapple Express - Live Rosin w Diamonds - PAX Cart - 1g,Pax,cart,1g,8800,,,,TRUE,,2026-04-19T15:36:02.162853+00:00
brooklyn-organic-buds,1A412030000013B000003498,1571,Mega - Sleepy Indica - 1:1 CBN/THC Gummies - Blackberry - 100mg - 10pk,Grön,edible,100mg,2400,,,,TRUE,,2026-04-19T15:36:02.162853+00:00
brooklyn-organic-buds,1A412030000013B000003499,1572,Mega - Daytime Sativa - 1:1 CBG/THC Gummies - Blue Razzleberry - 100mg - 10pk,Grön,edible,100mg,2000,,,,TRUE,,2026-04-19T15:36:02.162853+00:00
brooklyn-organic-buds,1A412030000013B000003500,1573,Grön - Sleepy Indica - 1:1 CBN/THC - Dark Chocolate Mini Bar - 25mg,Grön,edible,100mg,1500,,,,TRUE,,2026-04-19T15:36:02.162853+00:00
brooklyn-organic-buds,1A412030000013B000003501,1574,Grön - Daytime Sativa - 1:1 CBG/THC - Milk Chocolate Mini Bar - 25mg,Grön,edible,100mg,1500,,,,TRUE,,2026-04-19T15:36:02.162853+00:00
brooklyn-organic-buds,1A412030000013B000003502,1575,Pearls - Peach Prosecco (Hybrid) - Gummies - 100mg - 10pk,Grön,edible,100mg,2400,,,,TRUE,,2026-04-19T15:36:02.162853+00:00
brooklyn-organic-buds,1A412030000013B000003503,1576,Pearls - Blackberry Lemonade (Sleepy Indica) - Gummies - 100mg - 10pk,Grön,edible,100mg,2400,,,,TRUE,,2026-04-19T15:36:02.162853+00:00
brooklyn-organic-buds,1A412030000013B000003504,1577,Grön - Sleepy Indica - 1:1:1 CBD/CBN/THC - Dark Chocolate Bar - 100mg,Grön,edible,100mg,2400,,,,TRUE,,2026-04-19T15:36:02.162853+00:00
brooklyn-organic-buds,1A412030000013B000003505,1578,Pearls - Blueberry Lemonade (Daytime Sativa) - 3:1 CBG/THC - Gummies - 100mg - 10pk,Grön,edible,100mg,2400,,,,TRUE,,2026-04-19T15:36:02.162853+00:00
brooklyn-organic-buds,1A412030000013B000003506,1579,MEGA - Cherry Cola (Indica) - Live-Rosin Gummies - 100mg - 10pk,Grön,edible,100mg,2400,,,,TRUE,,2026-04-19T15:36:02.162853+00:00
brooklyn-organic-buds,1A412030000013B000003507,1580,Pearls - Dragon Punch (Indica) - Live-Rosin Gummies - 100mg - 10pk,Grön,edible,100mg,2600,,,,TRUE,,2026-04-19T15:36:02.162853+00:00
brooklyn-organic-buds,1A412030000013B000003508,1581,Pearls - Electric Honeydew (Hybrid) - Live-Rosin Gummies - 100mg - 10pk,Grön,edible,100mg,2600,,,,TRUE,,2026-04-19T15:36:02.162853+00:00
brooklyn-organic-buds,1A412030000013B000003509,1582,MEGA - Peach Mango (Hybrid) - Live-Rosin Gummies - 100mg - 10pk,Grön,edible,100mg,2400,,,,TRUE,,2026-04-19T15:36:02.162853+00:00
brooklyn-organic-buds,1A412030000013B000010864,1583,Pearls - Tart Cherry (Sleepy Indica) - 10:1 CBN:THC - Gummies - 25mg - 10pk,Grön,edible,25mg,2200,,,,TRUE,,2026-04-19T15:36:02.162853+00:00
brooklyn-organic-buds,1A412030000013B000010865,1584,Pearls - Tart Cherry (Sleepy Indica) - 10:1 CBN:THC - Gummies - 25mg - 10pk,Grön,edible,25mg,2200,,,,TRUE,,2026-04-19T15:36:02.162853+00:00
brooklyn-organic-buds,1A412030000013B000010866,1585,Mega - Daytime Sativa - 1:1 CBG/THC Gummies - Blue Razzleberry - 100mg - 10pk,Grön,edible,100mg,2000,,,,TRUE,,2026-04-19T15:36:02.162853+00:00
brooklyn-organic-buds,1A412030000013B000010867,1586,Grön - Sleepy Indica - 1:1 CBN/THC - Dark Chocolate Mini Bar - 25mg,Grön,edible,100mg,1500,,,,TRUE,,2026-04-19T15:36:02.162853+00:00
brooklyn-organic-buds,1A412030000013B000010868,1587,Grön - Sleepy Indica - 1:1 CBN/THC - Dark Chocolate Mini Bar - 25mg,Grön,edible,100mg,1500,,,,TRUE,,2026-04-19T15:36:02.162853+00:00
brooklyn-organic-buds,1A412030000013B000010869,1588,Grön - Daytime Sativa - 1:1 CBG/THC - Milk Chocolate Mini Bar - 25mg,Grön,edible,100mg,1500,,,,TRUE,,2026-04-19T15:36:02.162853+00:00
brooklyn-organic-buds,1A412030000013B000010870,1589,Pearls - Peach Prosecco (Hybrid) - Gummies - 100mg - 10pk,Grön,edible,100mg,2400,,,,TRUE,,2026-04-19T15:36:02.162853+00:00
brooklyn-organic-buds,1A412030000013B000010871,1590,Pearls - Blackberry Lemonade (Sleepy Indica) - Gummies - 100mg - 10pk,Grön,edible,100mg,2400,,,,TRUE,,2026-04-19T15:36:02.162853+00:00
brooklyn-organic-buds,1A412030000013B000010872,1591,Grön - Sleepy Indica - 1:1:1 CBD/CBN/THC - Dark Chocolate Bar - 100mg,Grön,edible,100mg,2400,,,,TRUE,,2026-04-19T15:36:02.162853+00:00
brooklyn-organic-buds,1A412030000013B000010873,1592,Pearls - Tangelo (Sativa) - 2:1:1 THC/CBC/CBG - Gummies - 100mg - 10pk,Grön,edible,100mg,2400,,,,TRUE,,2026-04-19T15:36:02.162853+00:00
brooklyn-organic-buds,1A412030000013B000010874,1593,Pearls - Blueberry Lemonade (Daytime Sativa) - 3:1 CBG/THC - Gummies - 100mg - 10pk,Grön,edible,100mg,2400,,,,TRUE,,2026-04-19T15:36:02.162853+00:00
brooklyn-organic-buds,1A412030000013B000010875,1594,Grön - Daytime Sativa - 3:1 CBG/THC - Milk Chocolate Bar - 100mg,Grön,edible,100mg,2400,,,,TRUE,,2026-04-19T15:36:02.162853+00:00
brooklyn-organic-buds,1A412030000013B000010876,1595,Grön - Daytime Sativa - 3:1 CBG/THC - Milk Chocolate Bar - 100mg,Grön,edible,100mg,2400,,,,TRUE,,2026-04-19T15:36:02.162853+00:00
brooklyn-organic-buds,1A412030000013B000010877,1596,Pearls - Pomegranate (Hybrid) - 4:1 CBD/THC - Gummies - 100mg - 10pk,Grön,edible,100mg,2400,,,,TRUE,,2026-04-19T15:36:02.162853+00:00
brooklyn-organic-buds,1A412030000013B000010878,1597,Mega - Baja Blaze (Sativa) - Live-Rosin Gummies - 100mg - 10pk,Grön,edible,100mg,2500,,,,TRUE,,2026-04-19T15:36:02.162853+00:00
brooklyn-organic-buds,1A412030000013B000010879,1598,MEGA - Big Apple (Hybrid) - Gummies - 100mg - 10pk,Grön,edible,100mg,2000,,,,TRUE,,2026-04-19T15:36:02.162853+00:00
brooklyn-organic-buds,1A412030000013B000010880,1599,MEGA - Big Apple (Hybrid) - Gummies - 100mg - 10pk,Grön,edible,100mg,2000,,,,TRUE,,2026-04-19T15:36:02.162853+00:00
brooklyn-organic-buds,1A412030000013B000010881,1600,MEGA - Cherry Cola (Indica) - Live-Rosin Gummies - 100mg - 10pk,Grön,edible,100mg,2400,,,,TRUE,,2026-04-19T15:36:02.162853+00:00
brooklyn-organic-buds,1A412030000013B000010882,1601,Pearls - Dragon Punch (Indica) - Live-Rosin Gummies - 100mg - 10pk,Grön,edible,100mg,2600,,,,TRUE,,2026-04-19T15:36:02.162853+00:00
brooklyn-organic-buds,1A412030000013B000010883,1602,Pearls - Dragon Punch (Indica) - Live-Rosin Gummies - 100mg - 10pk,Grön,edible,100mg,2600,,,,TRUE,,2026-04-19T15:36:02.162853+00:00
brooklyn-organic-buds,1A412030000013B000010884,1603,Pearls - Electric Honeydew (Hybrid) - Live-Rosin Gummies - 100mg - 10pk,Grön,edible,100mg,2600,,,,TRUE,,2026-04-19T15:36:02.162853+00:00
brooklyn-organic-buds,1A412030000013B000010885,1604,Pearls - Orange Yuzu (Sativa) - Live-Rosin Gummies - 100mg - 10pk,Grön,edible,100mg,2600,,,,TRUE,,2026-04-19T15:36:02.162853+00:00
brooklyn-organic-buds,1A412030000013B000010886,1605,MEGA - Peach Mango (Hybrid) - Live-Rosin Gummies - 100mg - 10pk,Grön,edible,100mg,2400,,,,TRUE,,2026-04-19T15:36:02.162853+00:00
brooklyn-organic-buds,1A412030000013B000010887,1606,MEGA - Peach Mango (Hybrid) - Live-Rosin Gummies - 100mg - 10pk,Grön,edible,100mg,2400,,,,TRUE,,2026-04-19T15:36:02.162853+00:00
brooklyn-organic-buds,1A412030000013B000010888,1607,MEGA - Tropical Twist (Indica) - Gummies - 100mg - 10pk,Grön,edible,100mg,2000,,,,TRUE,,2026-04-19T15:36:02.162853+00:00
brooklyn-organic-buds,1A412030000013B000010889,1608,MEGA - Tropical Twist (Indica) - Gummies - 100mg - 10pk,Grön,edible,100mg,2000,,,,TRUE,,2026-04-19T15:36:02.162853+00:00
brooklyn-organic-buds,1A4120300001CF7000005155,1609,Nighttime Strawberry - Premium Gummies with Organic Adaptogens - 20mg - 4ct,Foy,edible,20mg,800,,,,TRUE,,2026-04-19T15:36:02.162853+00:00
brooklyn-organic-buds,1A41203000004B7000006623,1611,Brick - Live-Resin Gummies - Orange Soda - 100mg - 10pk,Cannabals,edible,100mg,2500,,,,TRUE,,2026-04-19T15:36:02.162853+00:00
brooklyn-organic-buds,1A41203000004B7000006625,1612,Layup - Lemonade - Infused Beverage - 12oz - 10mg,Layup,edible,10mg,500,,,,TRUE,,2026-04-19T15:36:02.162853+00:00
brooklyn-organic-buds,1A41203000004B7000006626,1613,Layup - Ice Tea Lemonade - Infused Beverage - 12oz - 10mg,Layup,edible,10mg,500,,,,TRUE,,2026-04-19T15:36:02.162853+00:00
brooklyn-organic-buds,1A41203000004B7000006627,1614,Layup - Limeade - Infused Beverage - 12oz - 10mg,Layup,edible,10mg,500,,,,TRUE,,2026-04-19T15:36:02.162853+00:00
brooklyn-organic-buds,1A41203000004B7000006628,1615,Layup - Lemonade - Infused Beverage - 12oz - 10mg,Layup,edible,10mg,500,,,,TRUE,,2026-04-19T15:36:02.162853+00:00
brooklyn-organic-buds,1A41203000004B7000006629,1616,Layup - Peach Tea - Infused Beverage - 12oz - 10mg,Layup,edible,10mg,500,,,,TRUE,,2026-04-19T15:36:02.162853+00:00
brooklyn-organic-buds,1A41203000004B7000006630,1617,Layup - Ice Tea Lemonade - Infused Beverage - 12oz - 10mg,Layup,edible,10mg,500,,,,TRUE,,2026-04-19T15:36:02.162853+00:00
brooklyn-organic-buds,1A41203000004B7000006631,1618,Layup - Black Cherry Lemonade - Infused Beverage - 12oz - 10mg,Layup,edible,10mg,500,,,,TRUE,,2026-04-19T15:36:02.162853+00:00
brooklyn-organic-buds,1A41203000004B7000006632,1619,Mood State - Tahiti Lime (Big Energy) - Disposable Vape Pen - 1g,Cannabals,cart,1g,4800,,,,TRUE,,2026-04-19T15:36:02.162853+00:00
brooklyn-organic-buds,1A41203000004B7000006633,1620,Mood State - Mimosa (Charged Up) - Disposable Vape Pen - 1g,Cannabals,cart,1g,4800,,,,TRUE,,2026-04-19T15:36:02.162853+00:00
brooklyn-organic-buds,1A41203000004B7000006634,1621,Mood State - Lilac Diesel (Chill Time) - Disposable Vape Pen - 1g,Cannabals,cart,1g,4800,,,,TRUE,,2026-04-19T15:36:02.162853+00:00
brooklyn-organic-buds,1A41203000004B7000006640,1622,Cannabals - Strawberry Kush - Disposable Vape Pen - 1g,Cannabals,cart,1g,4700,,,,TRUE,,2026-04-19T15:36:02.162853+00:00
brooklyn-organic-buds,1A41203000004B7000006641,1623,Cannabals - Lemon Cherry Gelato - Disposable Vape Pen - 1g,Cannabals,cart,1g,4700,,,,TRUE,,2026-04-19T15:36:02.162853+00:00
brooklyn-organic-buds,1A41203000004B7000010268,1624,Layup - Black Cherry Lemonade - Infused Beverage - 12oz - 10mg,Layup,edible,10mg,500,,,,TRUE,,2026-04-19T15:36:02.162853+00:00
brooklyn-organic-buds,1A41203000004B7000006624,1625,Brick - Live-Resin Gummies - Lychee - 100mg - 10pk,Cannabals,edible,10mg,2500,,,,TRUE,,2026-04-19T15:36:02.162853+00:00
brooklyn-organic-buds,1A41203000004B7000006635,1626,Mood State - Lemon Berry (Recovery) - Disposable Vape Pen - 1g,Cannabals,cart,1g,4800,,,,TRUE,,2026-04-19T15:36:02.162853+00:00
brooklyn-organic-buds,1A41203000004B7000006637,1627,Cannabals - Pineapple Punch - Disposable Vape Pen - 1g,Cannabals,cart,1g,4700,,,,TRUE,,2026-04-19T15:36:02.162853+00:00
brooklyn-organic-buds,1A41203000004B7000006638,1628,Cannabals - Super Lemon Haze - Disposable Vape Pen - 1g,Cannabals,cart,1g,4700,,,,TRUE,,2026-04-19T15:36:02.162853+00:00
brooklyn-organic-buds,1A41203000004B7000006639,1629,Cannabals - Watermelon Z - Disposable Vape Pen - 1g,Cannabals,cart,1g,4700,,,,TRUE,,2026-04-19T15:36:02.162853+00:00
brooklyn-organic-buds,1A41203000004B7000006642,1630,Cannabals - Forbidden Fruit - Disposable Vape Pen - 1g,Cannabals,cart,1g,4700,,,,TRUE,,2026-04-19T15:36:02.162853+00:00
brooklyn-organic-buds,1A41203000004B7000006643,1631,Cannabals - Rainbow Guava - Disposable Vape Pen - 1g,Cannabals,cart,1g,4700,,,,TRUE,,2026-04-19T15:36:02.162853+00:00
brooklyn-organic-buds,1A4120300000641000063344,1635,Sample PUFF - Pre Roll - 1g - Sativa - Lemonwreck,PUFF,preroll,1g,1200,,,,TRUE,,2026-04-19T15:36:02.162853+00:00
brooklyn-organic-buds,1A4120300000641000063345,1636,Sample PUFF - Pre Roll - 1g - Hybrid - Alien OG,PUFF,preroll,1g,1200,,,,TRUE,,2026-04-19T15:36:02.162853+00:00
brooklyn-organic-buds,1A4120300000641000063346,1637,Sample PUFF - Pre Roll - 1g - Indica - Blue Cheese,PUFF,preroll,1g,1200,,,,TRUE,,2026-04-19T15:36:02.162853+00:00
brooklyn-organic-buds,1A4120300000641000063347,1638,Sample PUFF - Pack 5 ct - Diamond Infused Pre Roll - 2.5g - Indica - Grapeness,PUFF,preroll,2.5g,1200,,,,TRUE,,2026-04-19T15:36:02.162853+00:00
brooklyn-organic-buds,1A4120300000641000063348,1639,Sample PUFF - Diamond Infused Pre Roll - 1g - Sativa - Lemon Lime Twist,PUFF,preroll,1g,1200,,,,TRUE,,2026-04-19T15:36:02.162853+00:00
brooklyn-organic-buds,1A4120300000641000063349,1640,Sample PUFF - Diamond Infused Pre Roll - 1g - Hybrid - Strawberry Banana Smash,PUFF,preroll,1g,1500,,,,TRUE,,2026-04-19T15:36:02.162853+00:00
brooklyn-organic-buds,1A4120300000641000063350,1641,Sample PUFF - Bubble Hash Pre Roll - 1g - Sativa - Mule Fuel x Acapulco Gold,PUFF,preroll,1g,1500,,,,TRUE,,2026-04-19T15:36:02.162853+00:00
brooklyn-organic-buds,1A4120300000641000063351,1642,Sample PUFF - Pack 5 ct - Bubble Hash Pre Roll - 2.5g - Indica - Gush Mintz x Ice Cream Cake,PUFF,preroll,2.5g,3500,,,,TRUE,,2026-04-19T15:36:02.162853+00:00
brooklyn-organic-buds,1A4120300000641000063607,1643,Old Pal - Gelato Kush - Premium Flower - 3.5g,Old Pal,flower,3.5g,3300,,,,TRUE,,2026-04-19T15:36:02.162853+00:00
brooklyn-organic-buds,1A4120300000641000063612,1648,Sample Old Pal - 3.50g Bagged Flower - Gelato Kush - Hybrid,Old Pal,flower,3.5g,3300,,,,TRUE,,2026-04-19T15:36:02.162853+00:00
brooklyn-organic-buds,1A4120300000641000063613,1649,Sample Old Pal 14.0g Ready-to-Roll Flower | Sativa - Sour Mimosa,Old Pal,flower,14g,6500,,,,TRUE,,2026-04-19T15:36:02.162853+00:00
brooklyn-organic-buds,1A4120300000641000063614,1650,Sample Old Pal - 14.0g Ready-to-Roll Flower | Hybrid - Black Cherry Jack,Old Pal,flower,14g,6500,,,,TRUE,,2026-04-19T15:36:02.162853+00:00
brooklyn-organic-buds,1A4120300000641000063615,1651,Sample Old Pal - 14.0g Ready-to-Roll Flower | Indica - Wedding Cake,Old Pal,flower,14g,6500,,,,TRUE,,2026-04-19T15:36:02.162853+00:00
brooklyn-organic-buds,1A4120300000641000063616,1652,Sample Old Pal - 0.50g 14pk [7g] Pre-Roll | Box - Sativa - Sour Tangie,Old Pal,preroll,7g,5000,,,,TRUE,,2026-04-19T15:36:02.162853+00:00
brooklyn-organic-buds,1A4120300000641000063617,1653,Sample Old Pal - 0.50g 2pk [1g] Pre Roll | Indica - Oreoz,Old Pal,preroll,1g,1200,,,,TRUE,,2026-04-19T15:36:02.162853+00:00
brooklyn-organic-buds,1A4120300000641000063618,1654,Sample Old Pal - 0.50g 2pk [1g] Pre Roll | Sativa - Cherry Durban,Old Pal,preroll,1g,1200,,,,TRUE,,2026-04-19T15:36:02.162853+00:00
brooklyn-organic-buds,1A4120300000641000073853,1656,Hepworth - White Runtz - Premium Flower (Ready to Roll) - 7g,Hepworth,flower,1g,4000,,,,TRUE,,2026-04-19T15:36:02.162853+00:00
brooklyn-organic-buds,1A4120300000641000073854,1657,Hepworth - GMO Rootbeer - Premium Flower - 3.5g,Hepworth,flower,3.5g,3500,,,,TRUE,,2026-04-19T15:36:02.162853+00:00
brooklyn-organic-buds,1A4120300000641000073855,1658,Hepworth - Mango Dog x White Runtz - Premium Flower - 3.5g,Hepworth,flower,3.5g,3500,,,,TRUE,,2026-04-19T15:36:02.162853+00:00
brooklyn-organic-buds,1A4120300000641000073856,1659,Hepworth - Terp Poison - Live Resin Sugar - 1g,Hepworth,concentrate,1g,4000,,,,TRUE,,2026-04-19T15:36:02.162853+00:00
brooklyn-organic-buds,1A4120300000641000073857,1660,Sample Hepworth - 7.0g Ground Flower in Tin - Hybrid - White Runtz S2,Hepworth,flower,7g,4000,,,,TRUE,,2026-04-19T15:36:02.162853+00:00
brooklyn-organic-buds,1A4120300000641000073858,1661,Sample Hepworth - 7.0g Ground Flower in Tin - Indica - Sour Apple x Lemon Cherry Gelato,Hepworth,flower,7g,4000,,,,TRUE,,2026-04-19T15:36:02.162853+00:00
brooklyn-organic-buds,1A4120300000641000073859,1662,Sample Hepworth - 100mg Fruit Chews - Pear,Hepworth,edible,100mg,2200,,,,TRUE,,2026-04-19T15:36:02.162853+00:00
brooklyn-organic-buds,1A4120300000641000073860,1663,Sample Hepworth - 100mg Fruit Chews - Blueberry,Hepworth,edible,100mg,2200,,,,TRUE,,2026-04-19T15:36:02.162853+00:00
brooklyn-organic-buds,1A4120300000641000073861,1664,Sample Hepworth - 3.50g Bagged Flower - GMO Rootbeer - Indica,Hepworth,flower,3.5g,3500,,,,TRUE,,2026-04-19T15:36:02.162853+00:00
brooklyn-organic-buds,1A4120300000641000073862,1665,Sample Hepworth - 3.50g Bagged Flower - Mango Dog X White Runtz,Hepworth,flower,3.5g,3500,,,,TRUE,,2026-04-19T15:36:02.162853+00:00
brooklyn-organic-buds,1A4120300000641000073863,1666,Sample Hepworth - 1g Sugar - Sativa - Terp Poison,Hepworth,concentrate,1g,4000,,,,TRUE,,2026-04-19T15:36:02.162853+00:00
brooklyn-organic-buds,1A4120300000641000073864,1667,Sample Hepworth - 0.50g 2pk [1g] Bubble Hash Infused Pre-Rolls - Nox Cookies x Citrus Slurp Bubble Hash - Hybrid,Hepworth,preroll,1g,1400,,,,TRUE,,2026-04-19T15:36:02.162853+00:00
brooklyn-organic-buds,1A4120300000641000073865,1668,Sample Hepworth - 1.00g 510 Vape Cart - Super Sour Diesel - Sativa,Hepworth,cart,1g,5000,,,,TRUE,,2026-04-19T15:36:02.162853+00:00
brooklyn-organic-buds,1A4120300000641000073866,1669,Sample Hepworth - 30mL (1000mg) THC:CBD Balm,Hepworth,other,1g,10000,,,,TRUE,,2026-04-19T15:36:02.162853+00:00
brooklyn-organic-buds,1A41203000004EB000001541,1670,Doobie Labs - Venom Runtz - Premium Flower - 3.5g,Doobie Labs,flower,3.5g,5600,,,,TRUE,,2026-04-19T15:36:02.162853+00:00
brooklyn-organic-buds,1A41203000004EB000001543,1671,Doobie Labs - Blue Lobster - Premium Flower - 3.5g,Doobie Labs,flower,3.5g,5600,,,,TRUE,,2026-04-19T15:36:02.162853+00:00
brooklyn-organic-buds,1A4120300000641000093078,1672,Eaton - Lemon Lavender - Serenity Now - Micro-THC Gummies - 50mg - 20ct,Eaton,edible,50mg,3400,,,,TRUE,,2026-04-19T15:36:02.162853+00:00
brooklyn-organic-buds,1A4120300000641000093079,1673,Sample Lemon Lavender Serenity Now Gummies,Eaton,edible,50g,1,,,,TRUE,,2026-04-19T15:36:02.162853+00:00
brooklyn-organic-buds,1A4120300000641000093081,1675,Sample Apple-A-Day Gummies,Eaton,edible,50g,1,,,,TRUE,,2026-04-19T15:36:02.162853+00:00
brooklyn-organic-buds,1A4120300000641000093082,1676,Eaton - Blueberry Coconut - Cool Down - Micro-THC Gummies - 50mg - 20ct,Eaton,edible,50mg,3400,,,,TRUE,,2026-04-19T15:36:02.162853+00:00
brooklyn-organic-buds,1A4120300000641000093083,1677,Sample Blueberry Coconut Cool Down Gummies,Eaton,edible,50g,1,,,,TRUE,,2026-04-19T15:36:02.162853+00:00
brooklyn-organic-buds,1A412030000019E000035255,1688,Mule Fuel - Pre-Roll Pack - 7pk - 3.5g,Florist Farms,preroll,3.5g,4000,,,,TRUE,,2026-04-19T15:36:02.162853+00:00
brooklyn-organic-buds,1A412030000019E000035259,1691,White Runtz - Pre-Roll Pack - 7pk - 3.5g,Florist Farms,preroll,3.5g,4000,,,,TRUE,,2026-04-19T15:36:02.162853+00:00
brooklyn-organic-buds,1A412030000019E000035253,1693,Bermuda Triangle - Florist Farms - Premium Flower - 7g,Florist Farms,flower,7g,7000,,,,TRUE,,2026-04-19T15:36:02.162853+00:00
brooklyn-organic-buds,1A412030000019E000035260,1695,Gush Mintz - Florist Farms - Live Resin Infused Pre-Roll Pack - 5pk - 2.5g,Florist Farms,preroll,2.5g,4000,,,,TRUE,,2026-04-19T15:36:02.162853+00:00
brooklyn-organic-buds,1A412030000019E000035261,1696,Gelato - Florist Farms - Live Resin Infused Pre-Roll Pack - 5pk - 2.5g,Florist Farms,preroll,2.5g,4000,,,,TRUE,,2026-04-19T15:36:02.162853+00:00
brooklyn-organic-buds,1A4120300000641000097721,1698,Blue Cookies - Bloom - Disposable Vape Pen - .5g,Bloom,cart,0.5g,3500,,,,TRUE,,2026-04-19T15:36:02.162853+00:00
brooklyn-organic-buds,1A4120300000641000097722,1699,Space Face - Bloom - Disposable Vape Pen - .5g,Bloom,cart,0.5g,3500,,,,TRUE,,2026-04-19T15:36:02.162853+00:00
brooklyn-organic-buds,1A4120300000641000097723,1700,Pineapple Diesel - Bloom - Disposable Vape Pen - .5g,Bloom,cart,1g,3500,,,,TRUE,,2026-04-19T15:36:02.162853+00:00
brooklyn-organic-buds,1A4120300000641000097724,1701,White Truffle - Bloom - Disposable Vape Pen - 1g,Bloom,cart,1g,5800,,,,TRUE,,2026-04-19T15:36:02.162853+00:00
brooklyn-organic-buds,1A4120300000641000097726,1703,Super Sour Diesel - Bloom - Disposable Vape Pen - .5g,Bloom,cart,0.5g,3500,,,,TRUE,,2026-04-19T15:36:02.162853+00:00
brooklyn-organic-buds,1A4120300000641000097727,1704,Rainbow Z - Bloom - Disposable Vape Pen - 1g,Bloom,cart,1g,5800,,,,TRUE,,2026-04-19T15:36:02.162853+00:00
brooklyn-organic-buds,1A4120300000641000070045,1706,Eaton Botanicals Gal Pal,Eaton,edible,100mg,0,,,,FALSE,,2026-04-19T15:36:02.162853+00:00
brooklyn-organic-buds,1A4120300003139000010015,1717,Daydream (Creative) - Gummies -  Strawberry Acai with Coconut (Pinkberry) - 100mg - 10pk,Off Hours,edible,100mg,2500,,,,TRUE,,2026-04-19T15:36:02.162853+00:00
brooklyn-organic-buds,OH-G-EU-028,1731,Euphoric (Energy) - Gummies - Watermelon Lemonade - 100mg - 10pk,Off Hours,edible,100mg,2500,,,,TRUE,,2026-04-19T15:36:02.162853+00:00
brooklyn-organic-buds,EB-G-WM-009,1737,Eaton Botanicals Gal Pal,Eaton,edible,100mg,0,,,,TRUE,,2026-04-19T15:36:02.162853+00:00
brooklyn-organic-buds,PAX-D-1025-BBH-1G,1750,Blueberry Haze - High Purity THC - PAX Cart - 1g,Pax,cart,1g,6000,,,,TRUE,,2026-04-19T15:36:02.162853+00:00
brooklyn-organic-buds,1A4120300000836000000319,1766,Kickflys - Blackscotti - 14G - Premium Flower,Kickfly's,flower,14g,9000,,,,TRUE,,2026-04-19T15:36:02.162853+00:00
brooklyn-organic-buds,1A4120300000836000000320,1767,Kickflys - Mule Fuel- 14G - Premium Flower,Kickfly's,flower,14g,9000,,,,TRUE,,2026-04-19T15:36:02.162853+00:00
brooklyn-organic-buds,1A4120300000836000000321,1768,Kickflys - Cookie Dream - 14G - Premium Flower,Kickfly's,flower,14g,9000,,,,TRUE,,2026-04-19T15:36:02.162853+00:00
brooklyn-organic-buds,1A4120300000836000000322,1769,Kickflys - Blue Nerdz - 14G - Premium Flower,Kickfly's,flower,14g,9000,,,,TRUE,,2026-04-19T15:36:02.162853+00:00
brooklyn-organic-buds,1A4120300000836000000323,1770,Kickfly's - Fumez - Premium Flower 14g,,flower,14g,9000,,,,TRUE,,2026-04-19T15:36:02.162853+00:00
brooklyn-organic-buds,1A4120300000836000000324,1771,kickfly's - Mule Fuel - Premium Flower - 3.5G,Kickfly's,flower,3.5g,3500,,,,TRUE,,2026-04-19T15:36:02.162853+00:00
brooklyn-organic-buds,1A4120300000836000000325,1772,kickfly's - Mule Fuel - Premium Flower - 3.5G,Kickfly's,flower,3.5g,3500,,,,TRUE,,2026-04-19T15:36:02.162853+00:00
brooklyn-organic-buds,1A4120300000836000000326,1773,Kickfly's - El Chivo - Premium Flower - 3.5g,Kickfly's,flower,3.5g,3500,,,,TRUE,,2026-04-19T15:36:02.162853+00:00
brooklyn-organic-buds,1A4120300000836000000327,1774,Kickflys - Fumez - 3.5G - Premium Flower,Kickfly's,flower,3.5g,3500,,,,TRUE,,2026-04-19T15:36:02.162853+00:00
brooklyn-organic-buds,1A4120300003139000010014,1777,Euphoric (Energy) - Gummies - Watermelon Lemonade - 100mg - 10pk,Off Hours,edible,100mg,2500,,,,TRUE,,2026-04-19T15:36:02.162853+00:00
brooklyn-organic-buds,1A412030000019E000060750,1790,Tropical Cookies - Premium Flower - 7g,Florist Farms,flower,7g,7000,,,,TRUE,,2026-04-19T15:36:02.162853+00:00
brooklyn-organic-buds,1A412030000019E000060748,1791,La Bomba - Premium Flower - Florist Farms - 3.5g,Florist Farms,flower,3.5g,4000,,,,TRUE,,2026-04-19T15:36:02.162853+00:00
brooklyn-organic-buds,1A4120300000641000150984,1793,Blueberry Haze - High Purity THC - PAX Cart - 1g,Pax,cart,1g,6000,,,,TRUE,,2026-04-19T15:36:02.162853+00:00
brooklyn-organic-buds,1A4120300000641000150972,1794,Blue Dream - Live Rosin - All-In-One Vape PAX Pen - 1g,Pax,cart,1g,8800,,,,TRUE,,2026-04-19T15:36:02.162853+00:00
brooklyn-organic-buds,1A4120300000641000150973,1795,Pax AIO - Northern Lights - Live Rosin - W/Diamonds - 1G,Pax,cart,1g,0,,,,TRUE,,2026-04-19T15:36:02.162853+00:00
brooklyn-organic-buds,1A4120300000641000150976,1796,Pax AIO - Blueberry Haze - High Purity - THC - 1G,Pax,cart,1g,0,,,,TRUE,,2026-04-19T15:36:02.162853+00:00
brooklyn-organic-buds,1A4120300000641000150978,1797,Pax AIO - White Widow - High Purity - THC - 1G,Pax,cart,1g,0,,,,TRUE,,2026-04-19T15:36:02.162853+00:00
brooklyn-organic-buds,1A4120300000641000150979,1798,Pax AIO - Huckleberry - High Purity - THC - 1G,Pax,cart,1g,0,,,,TRUE,,2026-04-19T15:36:02.162853+00:00
brooklyn-organic-buds,1A4120300000641000150981,1799,Northern Lights - Live Rosin w Diamonds - PAX Cart - 1g,Pax,cart,1g,8800,,,,TRUE,,2026-04-19T15:36:02.162853+00:00
brooklyn-organic-buds,1A4120300000641000150982,1800,Pax - Blue Haze - Live Rosin - W/Diamonds - 1G - Pod,Pax,cart,1g,0,,,,TRUE,,2026-04-19T15:36:02.162853+00:00
brooklyn-organic-buds,1A4120300000641000150983,1801,Pax - Strawberry Cough - High Purity - THC - 1G - Pod,Pax,cart,1g,0,,,,TRUE,,2026-04-19T15:36:02.162853+00:00
brooklyn-organic-buds,1A4120300000641000150980,1802,Jack Herer - Live Rosin w Diamonds - PAX Cart - 1g,Pax,cart,1g,8800,,,,TRUE,,2026-04-19T15:36:02.162853+00:00
brooklyn-organic-buds,1A412030000019E000060749,1804,Florist Farms - Apple & Bananas - Premium Flower - 7G,Florist Farms,flower,7g,7000,,,,TRUE,,2026-04-19T15:36:02.162853+00:00
brooklyn-organic-buds,1A412030000019E000060755,1805,Florist Farms - Apple Fritter - Pre Rolls - 7pk - 3.5G,Florist Farms,preroll,3.5g,4000,,,,TRUE,,2026-04-19T15:36:02.162853+00:00
brooklyn-organic-buds,1A412030000019E000060756,1806,Florist Farms - Live Resin Infused - Banana Cream Cake x Jealousy - 1G - Pre Roll,Florist Farms,preroll,1g,1600,,,,TRUE,,2026-04-19T15:36:02.162853+00:00
brooklyn-organic-buds,1A412030000019E000060757,1827,Florist Farms | Bermuda Triangle | 1 Gram Joint | Single,,preroll,1g,1200,,,,TRUE,,2026-04-19T15:36:02.162853+00:00
brooklyn-organic-buds,1A4120300000641000144090,1828,Old Pal - Ready to Roll - 14g - Hybrid - Lemon Haze - Ground Flower,Old Pal,flower,14g,6500,,,,TRUE,,2026-04-19T15:36:02.162853+00:00
brooklyn-organic-buds,1A4120300000641000179843,1840,Eaton Botanicals - Nighty Nightcap - Dark Cherry,Eaton,edible,100mg,3400,,,,TRUE,,2026-04-19T15:36:02.162853+00:00
brooklyn-organic-buds,1A4120300000641000179842,1848,Eaton Botanicals - Fixer Upper - Mango Ginger,Eaton,edible,100mg,3400,,,,TRUE,,2026-04-19T15:36:02.162853+00:00
brooklyn-organic-buds,1A4120300000641000179844,1849,Eaton - Lemon Lavender - Serenity Now - Micro-THC Gummies - 50mg - 20ct,Eaton,edible,50mg,3400,,,,TRUE,,2026-04-19T15:36:02.162853+00:00
brooklyn-organic-buds,1A4120300000641000179846,1850,Eaton - Blueberry Coconut - Cool Down - Micro-THC Gummies - 50mg - 20ct,Eaton,edible,50mg,3400,,,,TRUE,,2026-04-19T15:36:02.162853+00:00
brooklyn-organic-buds,1A4120300000641000179845,1851,Eaton - Apple-a-Day - Micro-THC Gummies - 50mg - 20ct,Eaton,edible,50mg,3400,,,,TRUE,,2026-04-19T15:36:02.162853+00:00
brooklyn-organic-buds,1A412030000019E000060760,1852,Florist Farms - Live Resin Infused & Kief Coated - 1/2 Gram - 2pk - Pineapple Express,Florist Farms,preroll,0.5g,1600,,,,TRUE,,2026-04-19T15:36:02.162853+00:00
brooklyn-organic-buds,1A412030000019E000060761,1853,Florist Farms - Live Resin Infused & Kief Coated - 1/2 Gram Joints - 2pk - Super Sour Diesel,Florist Farms,preroll,1g,1600,,,,TRUE,,2026-04-19T15:36:02.162853+00:00
brooklyn-organic-buds,1A412030000019E000060763,1855,"Head & Heal THC Tincture, Max Strength Blend - 1,000mg THC, 1oz Bottle",,other,1g,10000,,,,TRUE,,2026-04-19T15:36:02.162853+00:00
brooklyn-organic-buds,1A4120300000641000140199,1856,PUFF - Pre Roll - 1g - Sativa - Orange Tree (DEmPXs) v11,,preroll,1g,1200,,,,TRUE,,2026-04-19T15:36:02.162853+00:00
brooklyn-organic-buds,1A4120300000641000140200,1857,Puff - 1g -  Pre Roll - Jet Fuel,PUFF,preroll,1g,1200,,,,TRUE,,2026-04-19T15:36:02.162853+00:00
brooklyn-organic-buds,1A4120300000641000140201,1858,PUFF - Pre Roll - 1g - Sativa - Uplift (VpwXFm),,preroll,1g,1200,,,,TRUE,,2026-04-19T15:36:02.162853+00:00
brooklyn-organic-buds,1A4120300000641000144084,1859,Hepworth - 0.50g 2pk [1g] Pre-Roll Tube - Durban Poison x Cherry Tart - Sativa (witfpJ),,preroll,1g,1200,,,,TRUE,,2026-04-19T15:36:02.162853+00:00
brooklyn-organic-buds,1A4120300000641000144083,1860,Hepworth 0.50g 2pk [1g] Pre Rolls - Blue Nerds - Hybrid (EmDhZx),,preroll,1g,1200,,,,TRUE,,2026-04-19T15:36:02.162853+00:00
brooklyn-organic-buds,1A412030000019E000056164,1862,La Bomba - Pre-Roll Pack - 7pk - 3.5g,Florist Farms,preroll,3.5g,4000,,,,TRUE,,2026-04-19T15:36:02.162853+00:00
brooklyn-organic-buds,1A412030000019E000056166,1863,Super Boof- Pre-Roll Pack - 7pk - 3.5g,Florist Farms,preroll,3.5g,4000,,,,TRUE,,2026-04-19T15:36:02.162853+00:00
brooklyn-organic-buds,1A412030000019E000056169,1864,Florist Farms | Private Party | 1/2 Gram Joints | 7pk,,preroll,3.5g,4000,,,,TRUE,,2026-04-19T15:36:02.162853+00:00
brooklyn-organic-buds,1A412030000019E000056171,1865,"Florist Farms | Flower Jar, 3.5g | Jet Fuel Gelato",,flower,3.5g,4000,,,,TRUE,,2026-04-19T15:36:02.162853+00:00
brooklyn-organic-buds,1A412030000019E000060758,1867,Super Boof- Single Pre-Roll - 1g,Florist Farms,preroll,1g,1200,,,,TRUE,,2026-04-19T15:36:02.162853+00:00
brooklyn-organic-buds,1A412030000019E000060751,1868,Dutch Hawaiian - Live Resin Infused Pre-Roll Pack - 5pk - 2.5g,Florist Farms,preroll,2.5g,4000,,,,TRUE,,2026-04-19T15:36:02.162853+00:00
brooklyn-organic-buds,1A412030000019E000060752,1869,Blue Dream - Florist Farms - Live Resin Infused Pre-Roll Pack - 5pk - 2.5g,Florist Farms,preroll,2.5g,4000,,,,TRUE,,2026-04-19T15:36:02.162853+00:00
brooklyn-organic-buds,1A412030000019E000060753,1870,Grandi Guava - Pre-Roll Pack - 7pk - 3.5g,Florist Farms,preroll,3.5g,4000,,,,TRUE,,2026-04-19T15:36:02.162853+00:00
brooklyn-organic-buds,1A412030000019E000060754,1871,Kombucha - Florist Farms - Pre-Roll Pack - 7pk - 3.5g,Florist Farms,preroll,3.5g,4000,,,,TRUE,,2026-04-19T15:36:02.162853+00:00
brooklyn-organic-buds,1A412030000019E000060759,1872,Mule Fuel - Single Pre-Roll - 1g,Florist Farms,preroll,1g,1200,,,,TRUE,,2026-04-19T15:36:02.162853+00:00
brooklyn-organic-buds,1A4120300001CF7000013602,1873,Daytime Mango - Premium Gummies with Organic Adaptogens - 100mg - 20ct,Foy,edible,100mg,2800,,,,TRUE,,2026-04-19T15:36:02.162853+00:00
brooklyn-organic-buds,1A4120300001CF7000013603,1874,Daytime Mango - Premium Gummies with Organic Adaptogens - 20mg - 4ct,Foy,edible,20mg,800,,,,TRUE,,2026-04-19T15:36:02.162853+00:00
brooklyn-organic-buds,1A4120300001CF7000013604,1875,Nighttime Strawberry - Premium Gummies with Organic Adaptogens - 100mg - 20ct,Foy,edible,100mg,2800,,,,TRUE,,2026-04-19T15:36:02.162853+00:00
brooklyn-organic-buds,1A412030000019E000056323,1876,Florist Farms | Apples & Bananas | 1 Gram Joint | Single,,preroll,1g,1200,,,,TRUE,,2026-04-19T15:36:02.162853+00:00
brooklyn-organic-buds,1A412030000019E000056317,1877,Grandi Guava - Premium Flower - 3.5g,Florist Farms,flower,3.5g,4000,,,,TRUE,,2026-04-19T15:36:02.162853+00:00
brooklyn-organic-buds,1A412030000019E000056318,1878,Apple Fritter - Florist Farms - Premium Flower - 3.5g,Florist Farms,flower,3.5g,4000,,,,TRUE,,2026-04-19T15:36:02.162853+00:00
brooklyn-organic-buds,1A412030000019E000056319,1879,La Bomba - Pre-Roll Pack - 7pk - 3.5g,Florist Farms,preroll,3.5g,4000,,,,TRUE,,2026-04-19T15:36:02.162853+00:00
brooklyn-organic-buds,1A412030000019E000056320,1880,Kombucha - Florist Farms - Pre-Roll Pack - 7pk - 3.5g,Florist Farms,preroll,3.5g,4000,,,,TRUE,,2026-04-19T15:36:02.162853+00:00
brooklyn-organic-buds,1A412030000019E000056321,1881,Florist Farms | Private Party | 1/2 Gram Joints | 7pk,,preroll,3.5g,4000,,,,TRUE,,2026-04-19T15:36:02.162853+00:00
brooklyn-organic-buds,1A412030000019E000056322,1882,Super Boof- Pre-Roll Pack - 7pk - 3.5g,Florist Farms,preroll,3.5g,4000,,,,TRUE,,2026-04-19T15:36:02.162853+00:00
brooklyn-organic-buds,1A4120300000641000150974,1883,Guava Gelato - Live-Rosin w Diamonds - All-In-One Vape PAX Pen - 1g,Pax,cart,1g,9000,,,,TRUE,,2026-04-19T15:36:02.162853+00:00
brooklyn-organic-buds,1A4120300000641000150975,1884,Sour Diesel - High Purity THC - All-In-One Vape PAX Pen - 1g,Pax,cart,1g,6000,,,,TRUE,,2026-04-19T15:36:02.162853+00:00
brooklyn-organic-buds,1A4120300000641000150977,1885,London Pound Cake - High Purity THC - All-In-One Vape PAX Pen - 1g,Pax,cart,1g,6000,,,,TRUE,,2026-04-19T15:36:02.162853+00:00
brooklyn-organic-buds,1A412030000165B000006052,1886,Lil leftys - Non Infused -  Premium Indoor flower - 1g - pre roll - Sour Diesel,,preroll,1g,1000,,,,TRUE,,2026-04-19T15:36:02.162853+00:00
brooklyn-organic-buds,1A412030000165B000006053,1887,Lil Leftys - Non-Infused - Premium Indoor flower - 1g -  pre roll - Blue Dream,Left Coast,preroll,1g,1000,,,,TRUE,,2026-04-19T15:36:02.162853+00:00
