dispensary_slug,sku,batch_id,name,brand,category,variant,price_cents,thc_percent,cbd_percent,classification,in_stock,product_url,image_url,scraped_at,description,subtype,strain
coney-island-cannabis,6945bd0c9fc51440c21ab0df,6945bd0c9fc51440c21ab0df~1g,Ayrloom | Cran Haze | AIO | 1g,ayrloom,vaporizers,1g,5700,83.36%,,sativa,TRUE,,https://images.dutchie.com/a9ed1dc1dec9c5017940ce5313100d0f,2026-05-23T21:23:48.493378+00:00,,,
coney-island-cannabis,68c5cda3aa476e2c67eb1834,68c5cda3aa476e2c67eb1834~1g,Ayrloom | Honeycrisp | AIO | 1g,ayrloom,vaporizers,1g,5700,84.53%,,hybrid,TRUE,,https://images.dutchie.com/c2edd55412b83f9fd4e331fe3d565362,2026-05-23T21:23:48.493378+00:00,,,
coney-island-cannabis,6945bd0c9fc51440c21ab0de,6945bd0c9fc51440c21ab0de~1g,Ayrloom | Lime Haze | AIO | 1g,ayrloom,vaporizers,1g,5700,86.26%,,sativa,TRUE,,https://images.dutchie.com/fda2a085181de6afbff9ccd355552e9b,2026-05-23T21:23:48.493378+00:00,,,
coney-island-cannabis,6945bd0c9fc51440c21ab0dd,6945bd0c9fc51440c21ab0dd~1g,Ayrloom | Mood Energy | AIO | 1g | THC : THCV : CBG,ayrloom,vaporizers,1g,5700,59.04%,,sativa,TRUE,,https://images.dutchie.com/e7c5dfcad6c2de84f434f83279704083,2026-05-23T21:23:48.493378+00:00,,,
coney-island-cannabis,69d3f26302bb897616ef623a,69d3f26302bb897616ef623a~.1g,Camino Sours 'Balance' Orchard Peach Gummies [10pk] (100mg CBD : 100mg THC),Camino,edible,.1g,3400,100mg,100mg,hybrid,TRUE,,https://images.dutchie.com/6c5b8bcac936aaacc1fca3b291e05bf2,2026-05-23T21:23:48.493378+00:00,,,
coney-island-cannabis,680285a57f23f87210501a4a,680285a57f23f87210501a4a~.1g,Camino | Midnight Blueberry 5:1 'Sleep' Gummies [20pk],Camino,edible,.1g,3400,,,indica,TRUE,,https://images.dutchie.com/de3d22d223353a8ac2fff508ff538643,2026-05-23T21:23:48.493378+00:00,,,
coney-island-cannabis,680285a57f23f87210501a4c,680285a57f23f87210501a4c~.1g,Camino | Pineapple Habanero | Gummies | 100mg (20pk),Camino,edible,.1g,3400,,,sativa,TRUE,,https://images.dutchie.com/1197d19e8bf781ccdd5b7acdd69c91f0,2026-05-23T21:23:48.493378+00:00,,,
coney-island-cannabis,680285a57f23f87210501a4e,680285a57f23f87210501a4e~.1g,Camino | Watermelon Lemonade 'Bliss' Gummies [20pk],Camino,edible,.1g,3200,5.68mg,,sativa,TRUE,,https://images.dutchie.com/784ad668d8cf5b104851579e177db040,2026-05-23T21:23:48.493378+00:00,,,
coney-island-cannabis,680285a57f23f87210501a4f,680285a57f23f87210501a4f~.1g,Camino | Wild Berry 'Chill' Gummies [20pk],Camino,edible,.1g,3400,,,indica,TRUE,,https://images.dutchie.com/f6ed4b0261542137dea13a71cd5e323b,2026-05-23T21:23:48.493378+00:00,,,
coney-island-cannabis,680285a57f23f87210501a55,680285a57f23f87210501a55~0.001g,Camino | Wild Cherry 'Excite' Gummies [20pk],Camino,edible,0.001g,3400,,,sativa,TRUE,,https://images.dutchie.com/aa426096d77b56d7351d0a602fae4926,2026-05-23T21:23:48.493378+00:00,,,
coney-island-cannabis,685f1ea01fa954c1c994ce42,685f1ea01fa954c1c994ce42~1/4oz,Chicken N Waffle | Flower (Mixed Buds),Good Green,flower,1/4oz,6800,23.17%,,sativa,TRUE,,https://images.dutchie.com/27e327ec2b1bd9be319e97b3999646c2,2026-05-23T21:23:48.493378+00:00,,,
coney-island-cannabis,68c32fa06a4e207867e16ecb,68c32fa06a4e207867e16ecb~1/8oz,Dr. Jekyll and Mr. High | Chem Dog,Dr. Jekyll and Mr. High,flower,1/8oz,3000,,,indica_hybrid,TRUE,,https://images.dutchie.com/6e13c2d61fb8959f29634ba593005391,2026-05-23T21:23:48.493378+00:00,,,
coney-island-cannabis,68f2d67ce8682afe5fdac841,68f2d67ce8682afe5fdac841~1/8oz,Dr. Jekyll and Mr. High | Do-Si-Do |  Flower,Dr. Jekyll and Mr. High,flower,1/8oz,3000,,,hybrid,TRUE,,https://images.dutchie.com/6e13c2d61fb8959f29634ba593005391,2026-05-23T21:23:48.493378+00:00,,,
coney-island-cannabis,68f2d67ce8682afe5fdac838,68f2d67ce8682afe5fdac838~1/8oz,Dr. Jekyll and Mr. High | Gelato,Dr. Jekyll and Mr. High,flower,1/8oz,3000,,,hybrid,TRUE,,https://images.dutchie.com/6e13c2d61fb8959f29634ba593005391,2026-05-23T21:23:48.493378+00:00,,,
coney-island-cannabis,68f2d67ce8682afe5fdac83e,68f2d67ce8682afe5fdac83e~1/8oz,Dr. Jekyll and Mr. High | Girl Scout Cookies,Dr. Jekyll and Mr. High,flower,1/8oz,3000,,,indica,TRUE,,https://images.dutchie.com/6e13c2d61fb8959f29634ba593005391,2026-05-23T21:23:48.493378+00:00,,,
coney-island-cannabis,68f2d67ce8682afe5fdac839,68f2d67ce8682afe5fdac839~1/8oz,Dr. Jekyll and Mr. High | Mango Kush,Dr. Jekyll and Mr. High,flower,1/8oz,3000,,,hybrid,TRUE,,https://images.dutchie.com/0b8e040b8740fe3b21f205be72db6196,2026-05-23T21:23:48.493378+00:00,,,
coney-island-cannabis,68c32fa06a4e207867e16ec7,68c32fa06a4e207867e16ec7~1/8oz,Dr. Jekyll and Mr. High | White Widow,Dr. Jekyll and Mr. High,flower,1/8oz,3000,,,sativa_hybrid,TRUE,,https://images.dutchie.com/bda4190c4e084be9aa6dbddb1cb5424f,2026-05-23T21:23:48.493378+00:00,,,
coney-island-cannabis,67fee9e89a20972f97b9c3e4,67fee9e89a20972f97b9c3e4~1g,Fernway | Berry Haze | 510 Cart,Fernway,vaporizers,1g,5700,77.81%,0.28%,indica,TRUE,,https://images.dutchie.com/78640667fa6de593deb7988ec85ca774,2026-05-23T21:23:48.493378+00:00,,,
coney-island-cannabis,69bc457c69d8dd0eea63fd6c,69bc457c69d8dd0eea63fd6c~1/8oz,Herb | Chocolate Haze | Flower,Herb,flower,1/8oz,3500,21.46%,,sativa_hybrid,TRUE,,https://images.dutchie.com/41c9f6a69292487ee844652e3f324fdf,2026-05-23T21:23:48.493378+00:00,,,
coney-island-cannabis,69fa5cb8c6fcdf0eba61550f,69fa5cb8c6fcdf0eba61550f~1/2oz,Herb | Runtz | Flower,Herb,flower,1/2oz,7700,21.93%,,hybrid,TRUE,,https://images.dutchie.com/flower-stock-11-v1.jpg,2026-05-23T21:23:48.493378+00:00,,,
coney-island-cannabis,69bc47dfadb267869149d18a,69bc47dfadb267869149d18a~1/8oz,Herb | Sour OG | Flower,Herb,flower,1/8oz,3500,20.63%,0.0535%,hybrid,TRUE,,https://images.dutchie.com/721400ea1e63c004839b2e8d72e227ed,2026-05-23T21:23:48.493378+00:00,,,
coney-island-cannabis,68f927997771d03fdf65f6f1,68f927997771d03fdf65f6f1~1g,Maui Mac Nut | Infused Pre Roll,Nanticoke,other,1g,2300,52.52%,0.28%,sativa,TRUE,,https://images.dutchie.com/cdb0f1d8f212bc12b93e8359af52244b,2026-05-23T21:23:48.493378+00:00,,,
coney-island-cannabis,69c2e65b6463bdac384e142c,69c2e65b6463bdac384e142c~1g,Moods | Banana Diesel | AIO,MOODS,vaporizers,1g,4600,82.23%,,sativa_hybrid,TRUE,,https://images.dutchie.com/064b35adaddcb0c26c56e17c9868ca95,2026-05-23T21:23:48.493378+00:00,,,
coney-island-cannabis,69c2e65b6463bdac384e142d,69c2e65b6463bdac384e142d~1g,Moods | Cream Cheese Zushi | AIO,MOODS,vaporizers,1g,4600,83.26%,,hybrid,TRUE,,https://images.dutchie.com/69158c52b75e645982b0161573204221,2026-05-23T21:23:48.493378+00:00,,,
coney-island-cannabis,69c2e65b6463bdac384e142b,69c2e65b6463bdac384e142b~1g,Moods | NY Minute Mini | AIO,MOODS,vaporizers,1g,4600,89.49%,,hybrid,TRUE,,https://images.dutchie.com/42a9398654f1aff640b56ef996a4e34e,2026-05-23T21:23:48.493378+00:00,,,
coney-island-cannabis,69c2e65b6463bdac384e142e,69c2e65b6463bdac384e142e~1g,Moods | Wedding Cake | AIO,MOODS,vaporizers,1g,4600,83.3%,,indica,TRUE,,https://images.dutchie.com/e38e2c9bffab2506900ec20a2650e964,2026-05-23T21:23:48.493378+00:00,,,
coney-island-cannabis,68c32fa06a4e207867e16ed6,68c32fa06a4e207867e16ed6~1g,Moony's Zooties | Biscotti | Pre-Roll 2pk,Moony's Zooties,other,1g,1000,,,indica_hybrid,TRUE,,https://images.dutchie.com/1e6ed30c8194515c251bd12f989ad603,2026-05-23T21:23:48.493378+00:00,,,
coney-island-cannabis,68c32fa06a4e207867e16ec4,68c32fa06a4e207867e16ec4~.5g,Moony's Zooties | Vanilla Frosting | Pre-Roll | Infused,Moony's Zooties,other,.5g,1000,40.2%,,indica_hybrid,TRUE,,https://images.dutchie.com/4ee44fa5815d98f24fc5fe32633e0f81,2026-05-23T21:23:48.493378+00:00,,,
coney-island-cannabis,67df45d9bbe9dd3151351e24,67df45d9bbe9dd3151351e24~1g,Nanticoke | Mac Nilla | Infused Pre Roll,Nanticoke,other,1g,2300,45.44%,0.2%,sativa,TRUE,,https://images.dutchie.com/71144f8c137bc2a6f1e95329dae4f2b5,2026-05-23T21:23:48.493378+00:00,,,
coney-island-cannabis,6914e069310129f268735845,6914e069310129f268735845~1g,PRELOAD Starter Kit - 1g FUSION - Sour Appleicious (3:1:1 THC/CBG/THCV),EUREKA,vaporizers,1g,6800,43.91%,0.72%,hybrid,TRUE,,https://images.dutchie.com/90a2ae883f97b5b5d8a43af86c6f618c,2026-05-23T21:23:48.493378+00:00,,,
coney-island-cannabis,683503186002efd285901b39,683503186002efd285901b39~1/8oz,Rec Roots | Super Candy,Rec Roots,flower,1/8oz,5400,27.7%,7.071%,hybrid,TRUE,,https://images.dutchie.com/888f1a454df38d56882de6a4d81aece2,2026-05-23T21:23:48.493378+00:00,,,
coney-island-cannabis,698f4d046f9d81df7ac495c5,698f4d046f9d81df7ac495c5~1/2oz,Rezziano,Good Green,flower,1/2oz,7500,24.39%,,sativa,TRUE,,https://images.dutchie.com/aa8342abd7442971f5b34c4616ab5cd1,2026-05-23T21:23:48.493378+00:00,,,
coney-island-cannabis,69d556a86ce6734e2da740fa,69d556a86ce6734e2da740fa~1/8oz,Smartbud | Motorhead | Flower,SmartBud,flower,1/8oz,3600,27.87%,,hybrid,TRUE,,https://images.dutchie.com/e2ffbc4a63ea430dee2c05714453841b,2026-05-23T21:23:48.493378+00:00,,,
coney-island-cannabis,690d426e29f851c48a055e0f,690d426e29f851c48a055e0f~1oz,Smoakland | Durban Poison | Flower,Smoakland,flower,1oz,11300,20.8%,0.02%,sativa,TRUE,,https://images.dutchie.com/e2d033fccd0e1a273b518fb2e84158ff,2026-05-23T21:23:48.493378+00:00,,,
coney-island-cannabis,69d9237dd703cc0d68e481dc,69d9237dd703cc0d68e481dc~2g,Smoothie Bar | Lava Cake x Sour Diesel | Dual Chamber AIO,Smoothie Bar,vaporizers,2g,8500,74.69%,0.6%,hybrid,TRUE,,https://images.dutchie.com/fd5a0013e34518e0b712d3e6f6a88dc4,2026-05-23T21:23:48.493378+00:00,,,
coney-island-cannabis,69d9237dd703cc0d68e481d9,69d9237dd703cc0d68e481d9~2g,Smoothie Bar | Mimosa x Dirty Sherley | Dual Chamber AIO,Smoothie Bar,vaporizers,2g,8500,77.31%,0.66%,sativa,TRUE,,https://images.dutchie.com/c966eb44272480e1adc79b9b02b73f7d,2026-05-23T21:23:48.493378+00:00,,,
coney-island-cannabis,69d9237dd703cc0d68e481da,69d9237dd703cc0d68e481da~2g,Smoothie Bar | Papaya x Lemonade | Dual Chamber AIO,Smoothie Bar,vaporizers,2g,8500,77.56%,1%,hybrid,TRUE,,https://images.dutchie.com/71a607b8218084646ffb0e88b69e714d,2026-05-23T21:23:48.493378+00:00,,,
coney-island-cannabis,69d9237dd703cc0d68e481db,69d9237dd703cc0d68e481db~2g,Smoothie Bar | Sour Lemon OG x Pineapple Jack | Dual Chamber AIO,Smoothie Bar,vaporizers,2g,8500,75.7%,,sativa,TRUE,,https://images.dutchie.com/d91cd202494213f0fc6bb653731db928,2026-05-23T21:23:48.493378+00:00,,,
coney-island-cannabis,68fc2cf28c4d71d9b93a4031,68fc2cf28c4d71d9b93a4031~.5g,Toke | Blueberry Glue | Pre-Roll,TOKE,other,.5g,1400,21.3%,0.09%,hybrid,TRUE,,https://images.dutchie.com/a022f92b5f385cfa97bac344fe71aa9a,2026-05-23T21:23:48.493378+00:00,,,
coney-island-cannabis,68fc2cf28c4d71d9b93a4030,68fc2cf28c4d71d9b93a4030~.5g,Toke | Quatro Killa | Pre Roll,TOKE,other,.5g,1400,20.71%,0.45%,hybrid,TRUE,,https://images.dutchie.com/2e2888887ac1296f2ffca636aef94cbc,2026-05-23T21:23:48.493378+00:00,,,
coney-island-cannabis,6a04c11b3188e873911d19ae,6a04c11b3188e873911d19ae~1g,Vacation | Blue Raspberry | AIO,Vacation,vaporizers,1g,4000,80.2%,,hybrid,TRUE,,https://images.dutchie.com/vaporizer-stock-1-v1.jpg,2026-05-23T21:23:48.493378+00:00,,,
coney-island-cannabis,6a04beb8b141ecbe217f47c7,6a04beb8b141ecbe217f47c7~.1g,Vacation | Blue Raspberry | Hash Rosin | Gummies | 100mg,Vacation,edible,.1g,3200,99.5mg,,hybrid,TRUE,,https://images.dutchie.com/edibles-stock-gummies-v1.jpg,2026-05-23T21:23:48.493378+00:00,,,
coney-island-cannabis,6a04c35c85fabca6893f939e,6a04c35c85fabca6893f939e~1/8oz,Vacation | Gorilla Glue #4 | Flower,Vacation,flower,1/8oz,3000,21.8% - 21.9%,,indica,TRUE,,https://images.dutchie.com/flower-stock-8-v1.jpg,2026-05-23T21:23:48.493378+00:00,,,
coney-island-cannabis,6a04c35c85fabca6893f939e,6a04c35c85fabca6893f939e~1/4oz,Vacation | Gorilla Glue #4 | Flower,Vacation,flower,1/4oz,5500,21.8% - 21.9%,,indica,TRUE,,https://images.dutchie.com/flower-stock-8-v1.jpg,2026-05-23T21:23:48.493378+00:00,,,
coney-island-cannabis,6a05d80e6469153c7edc0181,6a05d80e6469153c7edc0181~1/8oz,Vacation | Gorilla Glue #4 | Pre-Roll | 10pk,Vacation,other,1/8oz,3500,21%,,indica,TRUE,,https://images.dutchie.com/preroll-stock-3-v1.jpg,2026-05-23T21:23:48.493378+00:00,,,
coney-island-cannabis,6a04c35c85fabca6893f939d,6a04c35c85fabca6893f939d~1/8oz,Vacation | Memory Loss OG | Flower,Vacation,flower,1/8oz,3000,23.3% - 23.8%,0.05%,sativa,TRUE,,https://images.dutchie.com/flower-stock-5-v1.jpg,2026-05-23T21:23:48.493378+00:00,,,
coney-island-cannabis,6a04c35c85fabca6893f939d,6a04c35c85fabca6893f939d~1/4oz,Vacation | Memory Loss OG | Flower,Vacation,flower,1/4oz,5500,23.3% - 23.8%,0.05%,sativa,TRUE,,https://images.dutchie.com/flower-stock-5-v1.jpg,2026-05-23T21:23:48.493378+00:00,,,
coney-island-cannabis,6a05d80e6469153c7edc017f,6a05d80e6469153c7edc017f~1/8oz,Vacation | Memory Loss OG | Pre-Roll | 10pk,Vacation,other,1/8oz,3500,23.2%,,sativa,TRUE,,https://images.dutchie.com/preroll-stock-3-v1.jpg,2026-05-23T21:23:48.493378+00:00,,,
coney-island-cannabis,6a04beb8b141ecbe217f47c8,6a04beb8b141ecbe217f47c8~.1g,Vacation | Peach Rings | Hash Rosin | Gummies | 100mg,Vacation,edible,.1g,3200,97.5mg,,hybrid,TRUE,,https://images.dutchie.com/edibles-stock-gummies-v1.jpg,2026-05-23T21:23:48.493378+00:00,,,
coney-island-cannabis,6a04c11b3188e873911d19af,6a04c11b3188e873911d19af~1g,Vacation | Pineapple Coconut | AIO,Vacation,vaporizers,1g,4000,72.8%,0.45%,hybrid,TRUE,,https://images.dutchie.com/vaporizer-stock-1-v1.jpg,2026-05-23T21:23:48.493378+00:00,,,
coney-island-cannabis,6a04beb8b141ecbe217f47c9,6a04beb8b141ecbe217f47c9~.1g,Vacation | Pineapple Coconut | Hash Rosin | Gummies | 100mg,Vacation,edible,.1g,3200,100.1mg,,hybrid,TRUE,,https://images.dutchie.com/edibles-stock-gummies-v1.jpg,2026-05-23T21:23:48.493378+00:00,,,
coney-island-cannabis,6a04c35c85fabca6893f939c,6a04c35c85fabca6893f939c~1/8oz,Vacation | Sour Fuel | Flower,Vacation,flower,1/8oz,3000,23.7% - 23.9%,,sativa,TRUE,,https://images.dutchie.com/flower-stock-12-v1.jpg,2026-05-23T21:23:48.493378+00:00,,,
coney-island-cannabis,6a04c35c85fabca6893f939c,6a04c35c85fabca6893f939c~1/4oz,Vacation | Sour Fuel | Flower,Vacation,flower,1/4oz,5500,23.7% - 23.9%,,sativa,TRUE,,https://images.dutchie.com/flower-stock-12-v1.jpg,2026-05-23T21:23:48.493378+00:00,,,
coney-island-cannabis,6a05d80e6469153c7edc0180,6a05d80e6469153c7edc0180~1/8oz,Vacation | Sour Fuel | Pre-Roll | 10pk,Vacation,other,1/8oz,3500,21.7%,,sativa,TRUE,,https://images.dutchie.com/preroll-stock-1-v1.jpg,2026-05-23T21:23:48.493378+00:00,,,
coney-island-cannabis,6a04c11b3188e873911d19ad,6a04c11b3188e873911d19ad~1g,Vacation | Tiki Fruit Punch | AIO,Vacation,vaporizers,1g,4000,73.5%,2.42%,hybrid,TRUE,,https://images.dutchie.com/vaporizer-stock-1-v1.jpg,2026-05-23T21:23:48.493378+00:00,,,
coney-island-cannabis,6a04beb8b141ecbe217f47c6,6a04beb8b141ecbe217f47c6~.1g,Vacation | Tiki Fruit Punch | Hash Rosin | Gummies | 100 mg,Vacation,edible,.1g,3200,96mg,,hybrid,TRUE,,https://images.dutchie.com/edibles-stock-gummies-v1.jpg,2026-05-23T21:23:48.493378+00:00,,,
coney-island-cannabis,67ccd81425b31d6a19ce4d5e,67ccd81425b31d6a19ce4d5e~.15g,ayrloom | Low Dose Everyday Drops | 150MG THC : 450MG CBD,ayrloom,tinctures,.15g,3400,151.02mg,452.73mg,hybrid,TRUE,,https://images.dutchie.com/321801d63fcbacb1f6321c3704aacae6,2026-05-23T21:23:48.493378+00:00,,,
coney-island-cannabis,67d74c69ff9a319439d4d4eb,67d74c69ff9a319439d4d4eb~1g,ayrloom | Rescue 1:1 Topical | 1000MG THC : 1000MG CBD,ayrloom,topical,1g,6200,900mg,895mg,hybrid,TRUE,,https://images.dutchie.com/dcac9ae3b8c53946b53f83843da24b34,2026-05-23T21:23:48.493378+00:00,,,
coney-island-cannabis,67ccd81425b31d6a19ce4d61,67ccd81425b31d6a19ce4d61~1g,ayrloom | Revive 1:1 Topical | 1000MG THC : 1000MG CBD,ayrloom,topical,1g,6200,931mg,1048.95mg,sativa,TRUE,,https://images.dutchie.com/4e10f996a2086cd6849bc59b358a120f,2026-05-23T21:23:48.493378+00:00,,,
